[
  {
    "username": "admin",
    "firstname": "admin",
    "lastname": "admin",
    "email": "admin",
    "password": "admin",
    "profilePictureURL": "PROFILE PICTURE NOT SET YET",
    "isVerified": false,
    "canShareSongWithUser": true,
    "is2faVerified": false,
    "isAccountPrivate": false,
    "musics": [],
    "playlists": [],
    "likedSongs": [],
    "likedPlayLists": [],
    "queue": [],
    "followers": [],
    "followings": [],
    "playedSongs": [],
    "likedGenres": [],
    "theme": "LIGHT",
    "lastUsernameChangeTime": "2025-06-09T10:04:23.288314",
    "joinedDate": "2025-06-09T10:04:23.288287",
    "totalListeningDuration": "00:00:00"
  },
{
  "username": "helia",
  "firstname": "helia",
  "lastname": "ghandi",
  "email": "i.esmaeili@sbu.ac.ir",
  "password": "HELIAHELIA1385",
  "profilePictureURL": "PROFILE PICTURE NOT SET YET",
  "isVerified": false,
  "canShareSongWithUser": true,
  "is2faVerified": false,
  "isAccountPrivate": false,
  "musics": [],
  "playlists": [],
  "likedSongs": [],
  "likedPlayLists": [],
  "queue": [],
  "followers": [],
  "followings": [],
  "playedSongs": [],
  "likedGenres": [],
  "theme": "LIGHT",
  "lastUsernameChangeTime": "2025-06-09T10:03:15.991922",
  "joinedDate": "2025-06-09T10:03:15.991895",
  "totalListeningDuration": "00:00:00"
}
,
{
  "username": "fwfwfd",
  "firstname": "gijgoijo",
  "lastname": "fwsfw",
  "email": "gggwge@gmail.com",
  "password": "bhrh@142",
  "profilePictureURL": "PROFILE PICTURE NOT SET YET",
  "isVerified": false,
  "canShareSongWithUser": true,
  "is2faVerified": false,
  "isAccountPrivate": false,
  "rememberMe": false,
  "musics": [],
  "playlists": [],
  "likedSongs": [],
  "likedPlayLists": [],
  "queue": [],
  "followers": [],
  "followings": [],
  "playedSongs": [],
  "likedGenres": [],
  "theme": "LIGHT",
  "lastUsernameChangeTime": "2025-07-20T20:54:01.302018",
  "joinedDate": "2025-07-20T20:54:01.302005",
  "totalListeningDuration": "00:00:00",
  "numberOfFailLoginAttempts": 0
}
,
{
  "username": "ParhamAkaza",
  "firstname": "parham",
  "lastname": "amiri",
  "email": "imnetro06@gmail.com",
  "password": "halaBiaVasat85@",
  "profilePictureURL": "PROFILE PICTURE NOT SET YET",
  "isVerified": false,
  "canShareSongWithUser": true,
  "is2faVerified": false,
  "isAccountPrivate": false,
  "rememberMe": false,
  "musics": [],
  "playlists": [],
  "likedSongs": [],
  "likedPlayLists": [],
  "queue": [],
  "followers": [],
  "followings": [],
  "playedSongs": [],
  "likedGenres": [],
  "theme": "LIGHT",
  "lastUsernameChangeTime": "2025-08-02T21:05:32.664791",
  "joinedDate": "2025-08-02T21:05:32.66477",
  "totalListeningDuration": "00:00:00",
  "numberOfFailLoginAttempts": 0
}
,
{
  "username": "hehehe",
  "firstname": "hihihi",
  "lastname": "hahaha",
  "email": "hiheha@gmial.com",
  "password": "hehiha1234",
  "profilePictureURL": "PROFILE PICTURE NOT SET YET",
  "isVerified": false,
  "canShareSongWithUser": true,
  "is2faVerified": false,
  "isAccountPrivate": false,
  "rememberMe": false,
  "musics": [],
  "playlists": [],
  "likedSongs": [],
  "likedPlayLists": [],
  "queue": [],
  "followers": [],
  "followings": [],
  "playedSongs": [],
  "likedGenres": [],
  "theme": "LIGHT",
  "lastUsernameChangeTime": "2025-08-04T13:49:07.818158",
  "joinedDate": "2025-08-04T13:49:07.818121",
  "totalListeningDuration": "00:00:00",
  "numberOfFailLoginAttempts": 0
}
,
{
  "username": "m.amini",
  "firstname": "marzieh",
  "lastname": "amini",
  "email": "m.amini@gmail.com",
  "password": "Marzieh@1362",
  "profilePictureURL": "PROFILE PICTURE NOT SET YET",
  "isVerified": false,
  "canShareSongWithUser": true,
  "is2faVerified": false,
  "isAccountPrivate": false,
  "rememberMe": false,
  "musics": [],
  "playlists": [],
  "likedSongs": [],
  "likedPlayLists": [],
  "queue": [],
  "followers": [],
  "followings": [],
  "playedSongs": [],
  "likedGenres": [],
  "theme": "LIGHT",
  "lastUsernameChangeTime": "2025-08-04T22:30:19.001367",
  "joinedDate": "2025-08-04T22:30:19.001312",
  "totalListeningDuration": "00:00:00",
  "numberOfFailLoginAttempts": 0
}
]